brand,model,processor_brand,processor_name,processor_gnrtn,ram_gb,ram_type,ssd,hdd,os,os_bit,graphic_card_gb,weight,display_size,warranty,Touchscreen,msoffice,latest_price,old_price,discount,star_rating,ratings,reviews
Avita,PURA,AMD,APU Dual,10th,8 GB GB,DDR4,256 GB,0 GB,Windows,64-bit,0,ThinNlight,14,0,No,No,24990,33490,25,3.7,1657,234
HP,APU,AMD,APU Dual,10th,4 GB GB,DDR4,0 GB,1024 GB,Windows,32-bit,0,Casual,14,0,No,No,20900,22825,8,3.9,1185,141
HP,Athlon,AMD,Athlon Dual,10th,32 GB GB,DDR4,32 GB,0 GB,Windows,32-bit,4,Casual,14,0,No,No,26899,27668,2,0.0,0,0
ASUS,ExpertBook,Intel,Core i3,10th,4 GB GB,DDR4,0 GB,1024 GB,Windows,64-bit,0,Casual,15.6,0,No,No,34649,41990,17,2.3,3,0
Lenovo,v15,Intel,Core i3,10th,4 GB GB,DDR4,0 GB,1024 GB,Windows,64-bit,0,Casual,15.6,0,No,No,39999,43999,9,3.1,8,1
ASUS,ExpertBook,Intel,Core i5,10th,8 GB GB,DDR4,0 GB,1024 GB,Windows,32-bit,2,Casual,14,0,No,No,58799,77990,24,0.0,0,0
HP,x360,Intel,Core i3,11th,8 GB GB,DDR4,256 GB,0 GB,Windows,64-bit,0,Casual,14,1,Yes,No,56490,64923,12,0.0,0,0
HP,x360,Intel,Core i5,11th,8 GB GB,DDR4,256 GB,0 GB,Windows,64-bit,0,Casual,14,1,No,No,65390,76436,14,0.0,0,0
HP,15q,Intel,Core i3,7th,4 GB GB,DDR4,0 GB,1024 GB,Windows,64-bit,0,Casual,15.6,0,No,No,32955,0,0,4.2,311,27
HP,250-G6,Intel,Core i5,7th,4 GB GB,DDR4,0 GB,1024 GB,Windows,32-bit,2,Casual,15.6,0,No,No,46200,0,0,4.2,47,7
Lenovo,IdeaPad,Intel,Core i3,10th,8 GB GB,DDR4,256 GB,0 GB,Windows,32-bit,0,ThinNlight,15.6,2,No,Yes,37990,57990,34,4.3,2080,235
ASUS,VivoBook,Intel,Core i3,11th,4 GB GB,DDR4,256 GB,0 GB,Windows,32-bit,0,Casual,15.6,1,No,Yes,35990,49990,28,4.3,1479,181
ASUS,VivoBook,Intel,Core i3,10th,8 GB GB,DDR4,256 GB,0 GB,Windows,64-bit,0,ThinNlight,14,0,No,No,33980,46990,27,4.4,67,3
DELL,Vostro,Intel,Core i3,10th,8 GB GB,DDR4,256 GB,0 GB,Windows,64-bit,0,ThinNlight,14,1,No,Yes,39490,43312,8,4.3,1267,171
RedmiBook,15,Intel,Core i3,11th,8 GB GB,DDR4,256 GB,0 GB,Windows,32-bit,0,ThinNlight,15.6,1,No,No,38990,51999,25,4.3,1063,152
HP,Pavilion,Intel,Core i3,11th,8 GB GB,DDR4,256 GB,0 GB,Windows,64-bit,0,Casual,14,1,Yes,Yes,53990,63510,14,4.6,14,0
acer,Aspire,Intel,Core i3,11th,8 GB GB,DDR4,256 GB,0 GB,Windows,64-bit,0,ThinNlight,15.6,1,No,No,38990,52999,26,0.0,0,0
realme,Book,Intel,Core i3,11th,8 GB GB,DDR4,256 GB,0 GB,Windows,64-bit,0,ThinNlight,14,1,No,Yes,46990,54999,14,4.4,6352,1014
ASUS,VivoBook,Intel,Core i3,11th,8 GB GB,DDR4,256 GB,0 GB,Windows,64-bit,0,Casual,14,1,No,Yes,37890,51990,27,4.6,44,5
Lenovo,IdeaPad,Intel,Core i3,11th,8 GB GB,DDR4,256 GB,0 GB,Windows,64-bit,0,ThinNlight,14,1,No,No,38990,60890,35,4.2,33,4
Lenovo,IdeaPad,Intel,Core i3,10th,8 GB GB,DDR4,256 GB,0 GB,Windows,64-bit,0,ThinNlight,14,0,No,No,37990,57990,34,4.2,286,36
DELL,Vostro,Intel,Core i3,11th,8 GB GB,DDR4,256 GB,0 GB,Windows,64-bit,0,ThinNlight,14.96,1,No,Yes,41990,54510,22,3.6,10,5
ASUS,VivoBook,Intel,Core i3,11th,8 GB GB,DDR4,256 GB,0 GB,Windows,64-bit,0,Casual,15.6,1,No,No,45990,58990,22,4.5,816,147
Lenovo,IdeaPad,Intel,Core i3,11th,8 GB GB,DDR4,256 GB,0 GB,Windows,64-bit,0,ThinNlight,15.6,1,No,No,39990,61590,35,4.3,543,65
DELL,Inspiron,Intel,Core i3,11th,8 GB GB,DDR4,256 GB,0 GB,Windows,64-bit,0,ThinNlight,15.6,0,No,No,42490,59654,28,4.8,9,1
Infinix,INBook,Intel,Core i3,10th,8 GB GB,LPDDR4X,256 GB,0 GB,Windows,64-bit,0,ThinNlight,14,0,No,No,32990,49999,34,4.3,1221,265
DELL,Vostro,Intel,Core i3,10th,4 GB GB,DDR4,256 GB,0 GB,Windows,64-bit,0,ThinNlight,14,1,No,Yes,36990,40614,8,4.3,1178,137
Lenovo,Ideapad,Intel,Core i3,11th,8 GB GB,DDR4,256 GB,0 GB,Windows,64-bit,0,Casual,14,1,Yes,Yes,53990,75490,28,4.4,299,41
ASUS,VivoBook,Intel,Core i3,11th,8 GB GB,DDR4,256 GB,0 GB,Windows,64-bit,0,ThinNlight,14,0,No,No,36990,52990,30,4.4,20,1
Lenovo,IdeaPad,Intel,Core i3,10th,4 GB GB,DDR4,256 GB,0 GB,Windows,64-bit,0,Casual,15.6,2,No,No,38940,48200,19,4.3,758,64
DELL,Inspiron,Intel,Core i3,10th,4 GB GB,DDR4,256 GB,0 GB,Windows,64-bit,0,Casual,15,1,No,Yes,39490,55490,28,4.4,634,64
ASUS,VivoBook,Intel,Core i3,11th,8 GB GB,DDR4,256 GB,0 GB,Windows,64-bit,0,Casual,15.6,1,No,No,45990,58990,22,4.5,816,147
Lenovo,Ideapad,Intel,Core i3,10th,8 GB GB,DDR4,256 GB,0 GB,Windows,64-bit,0,Casual,15.6,2,No,Yes,39999,59999,33,5.0,4,0
DELL,Inspiron,Intel,Core i3,11th,8 GB GB,DDR4,256 GB,0 GB,Windows,64-bit,0,ThinNlight,15.6,1,No,No,42990,56776,24,4.3,17,2
DELL,Inspiron,Intel,Core i3,11th,8 GB GB,DDR4,256 GB,0 GB,Windows,64-bit,0,Casual,14,1,Yes,No,49990,68658,27,4.2,24,5
DELL,Vostro,Intel,Core i3,11th,8 GB GB,DDR4,256 GB,0 GB,Windows,64-bit,0,ThinNlight,14,1,No,Yes,41490,55448,25,4.3,1753,165
DELL,Inspiron,Intel,Core i3,11th,8 GB GB,DDR4,256 GB,0 GB,Windows,64-bit,0,ThinNlight,14.96,0,No,No,41990,57670,27,4.2,216,21
Lenovo,Ideapad,Intel,Core i3,11th,8 GB GB,DDR4,256 GB,0 GB,Windows,64-bit,0,ThinNlight,14,1,No,Yes,41990,57290,26,4.4,1084,160
Infinix,INBook,Intel,Core i3,10th,8 GB GB,LPDDR4X,256 GB,0 GB,Windows,64-bit,0,ThinNlight,14,0,No,No,32990,49999,34,4.3,1221,265
ASUS,VivoBook,Intel,Core i3,11th,8 GB GB,DDR4,256 GB,0 GB,Windows,64-bit,0,Casual,15.6,1,No,No,38490,51990,25,3.8,19,3
Lenovo,ThinkPad,Intel,Core i3,11th,4 GB GB,DDR4,256 GB,0 GB,Windows,64-bit,0,Casual,15.6,1,No,Yes,44990,59239,24,4.1,42,4
Lenovo,IdeaPad,Intel,Core i3,10th,4 GB GB,DDR4,256 GB,0 GB,Windows,64-bit,0,ThinNlight,14,0,No,No,36490,53790,32,0.0,0,0
ASUS,VivoBook,Intel,Core i3,11th,8 GB GB,DDR4,256 GB,0 GB,Windows,64-bit,0,Casual,15.6,0,No,No,48990,58990,16,0.0,0,0
HP,Pavilion,Intel,Core i3,8th,4 GB GB,DDR4,256 GB,0 GB,Windows,64-bit,0,Casual,14,1,Yes,Yes,54238,0,0,4.4,71,8
ASUS,VivoBook,Intel,Core i3,10th,8 GB GB,DDR4,512 GB,0 GB,Windows,64-bit,0,Casual,15.6,1,No,No,37990,50990,25,4.3,990,108
ASUS,VivoBook,Intel,Core i3,10th,4 GB GB,DDR4,512 GB,0 GB,Windows,64-bit,0,Casual,15.6,1,No,No,35990,49990,28,4.4,130,12
RedmiBook,15,Intel,Core i3,11th,8 GB GB,DDR4,512 GB,0 GB,Windows,32-bit,0,ThinNlight,15.6,1,No,No,42990,55999,23,4.3,1063,152
ASUS,VivoBook,Intel,Core i3,11th,8 GB GB,DDR4,512 GB,0 GB,Windows,64-bit,0,Casual,14,1,No,No,42990,57990,25,4.3,30,4
ASUS,VivoBook,Intel,Core i3,11th,8 GB GB,LPDDR4X,512 GB,0 GB,Windows,32-bit,0,Casual,14,1,Yes,Yes,51990,67990,23,4.7,6,2
ASUS,VivoBook,Intel,Core i3,11th,8 GB GB,DDR4,512 GB,0 GB,Windows,64-bit,0,Casual,15.6,1,No,No,48990,62990,22,4.5,174,30
ASUS,VivoBook,Intel,Core i3,11th,8 GB GB,DDR4,512 GB,0 GB,Windows,64-bit,0,Casual,14,1,No,No,42990,57990,25,4.5,40,7
DELL,Inspiron,Intel,Core i3,11th,8 GB GB,DDR4,512 GB,0 GB,Windows,64-bit,0,ThinNlight,14.96,0,No,No,45990,60908,24,4.3,184,29
HP,Pavilion,Intel,Core i3,11th,8 GB GB,DDR4,512 GB,0 GB,Windows,64-bit,0,Casual,14,1,No,Yes,54990,69267,20,4.5,35,3
ASUS,VivoBook,Intel,Core i3,11th,8 GB GB,DDR4,512 GB,0 GB,Windows,64-bit,0,ThinNlight,14.1,1,No,Yes,41990,55990,25,0.0,0,0
Lenovo,IdeaPad,Intel,Core i3,11th,8 GB GB,DDR4,512 GB,0 GB,Windows,64-bit,0,ThinNlight,14,1,Yes,No,54990,79690,30,4.5,245,34
ASUS,VivoBook,Intel,Core i3,11th,8 GB GB,DDR4,512 GB,0 GB,Windows,64-bit,0,Casual,14,1,No,Yes,44990,46390,3,4.4,2058,305
ASUS,VivoBook,Intel,Core i3,11th,8 GB GB,DDR4,512 GB,0 GB,Windows,64-bit,0,Casual,14,1,No,No,42990,57990,25,4.7,74,11
DELL,Vostro,Intel,Core i3,10th,8 GB GB,DDR4,512 GB,0 GB,Windows,64-bit,0,ThinNlight,14,1,No,Yes,41990,49826,15,3.9,29,7
DELL,Inspiron,Intel,Core i3,10th,8 GB GB,DDR4,512 GB,0 GB,Windows,64-bit,0,ThinNlight,15.6,1,No,No,45490,60046,24,4.2,43,4
ASUS,VivoBook,Intel,Core i3,11th,8 GB GB,DDR4,512 GB,0 GB,Windows,64-bit,0,ThinNlight,14.1,1,No,Yes,44990,58990,23,0.0,0,0
Lenovo,IdeaPad,Intel,Core i3,11th,8 GB GB,DDR4,512 GB,0 GB,Windows,64-bit,0,ThinNlight,15.6,2,No,Yes,42990,63790,32,4.4,984,99
DELL,Inspiron,Intel,Core i3,11th,8 GB GB,DDR4,512 GB,0 GB,Windows,64-bit,0,ThinNlight,15.6,0,No,No,45930,58229,21,0.0,0,0
HP,Pavilion,Intel,Core i3,11th,8 GB GB,DDR4,512 GB,0 GB,Windows,64-bit,0,Casual,14,1,Yes,Yes,55490,65853,15,4.3,143,15
ASUS,VivoBook,Intel,Core i3,10th,8 GB GB,DDR4,0 GB,1024 GB,Windows,64-bit,0,Casual,14.1,1,No,No,32890,46990,30,3.9,28,4
Lenovo,IdeaPad,Intel,Core i3,10th,8 GB GB,DDR4,0 GB,1024 GB,Windows,64-bit,0,ThinNlight,15.6,1,No,Yes,35990,57290,37,4.0,2124,233
DELL,Inspiron,Intel,Core i3,11th,8 GB GB,DDR4,0 GB,1024 GB,Windows,64-bit,0,ThinNlight,15.6,0,No,No,42490,50693,16,4.0,276,40
DELL,Vostro,Intel,Core i3,11th,8 GB GB,DDR4,0 GB,1024 GB,Windows,64-bit,0,ThinNlight,14,0,No,No,42190,44780,5,3.9,250,21
DELL,Vostro,Intel,Core i3,10th,8 GB GB,DDR4,0 GB,1024 GB,Windows,64-bit,0,ThinNlight,14,1,No,Yes,39490,54517,27,4.0,1917,189
HP,15s,Intel,Core i3,11th,8 GB GB,DDR4,0 GB,1024 GB,Windows,64-bit,0,ThinNlight,15.6,1,No,Yes,43690,48933,10,4.1,4999,490
ASUS,VivoBook,Intel,Core i3,10th,4 GB GB,DDR4,0 GB,1024 GB,Windows,64-bit,0,Casual,15.6,1,No,No,35990,48990,26,3.8,17,0
DELL,3000,Intel,Core i3,11th,8 GB GB,DDR4,0 GB,1024 GB,Windows,32-bit,0,Casual,15.6,0,No,No,43800,55506,21,4.2,17,0
ASUS,VivoBook,Intel,Core i3,10th,4 GB GB,DDR4,0 GB,1024 GB,Windows,64-bit,0,ThinNlight,15.6,1,No,No,34990,40990,14,3.7,4203,490
ASUS,VivoBook,Intel,Core i3,11th,8 GB GB,DDR4,0 GB,1024 GB,Windows,64-bit,0,Casual,15.6,1,No,No,38900,51990,25,3.9,13,0
DELL,Inspiron,Intel,Core i3,11th,8 GB GB,DDR4,0 GB,1024 GB,Windows,64-bit,0,ThinNlight,14.96,1,No,Yes,37990,51493,26,3.7,265,46
HP,DA,Intel,Core i3,7th,8 GB GB,DDR4,0 GB,1024 GB,Windows,64-bit,2,Casual,15.6,0,No,No,49279,0,0,4.5,38,3
DELL,Insprion,Intel,Core i3,11th,8 GB GB,DDR4,0 GB,1024 GB,Windows,32-bit,0,Casual,15.6,0,No,No,41480,48990,15,3.8,25,4
ASUS,VivoBook,Intel,Core i3,10th,8 GB GB,DDR4,0 GB,1024 GB,Windows,64-bit,0,Casual,15.6,0,No,No,32990,43990,25,2.0,12,0
ASUS,VivoBook,Intel,Core i3,11th,8 GB GB,DDR4,0 GB,1024 GB,Windows,64-bit,0,Casual,15.6,1,No,No,38680,51990,25,3.2,17,1
ASUS,VivoBook,Intel,Core i3,10th,4 GB GB,DDR4,0 GB,1024 GB,Windows,64-bit,0,ThinNlight,14.1,0,No,No,33990,39990,15,3.4,31,6
DELL,Vostro,Intel,Core i3,10th,8 GB GB,DDR4,256 GB,1024 GB,Windows,64-bit,0,ThinNlight,15.6,1,No,Yes,41490,54782,24,5.0,7,5
DELL,Inspiron,Intel,Core i3,11th,8 GB GB,DDR4,256 GB,1024 GB,Windows,64-bit,0,Casual,15.6,0,No,No,45490,60371,24,4.3,207,16
DELL,Inspiron,Intel,Core i3,11th,8 GB GB,DDR4,256 GB,1024 GB,Windows,64-bit,0,Casual,15.6,0,No,No,44490,57479,22,4.3,844,103
ASUS,VivoBook,Intel,Core i3,11th,8 GB GB,DDR4,256 GB,1024 GB,Windows,64-bit,0,Casual,14.1,1,No,Yes,41890,57990,27,4.2,53,6
DELL,Vostro,Intel,Core i3,11th,4 GB GB,DDR4,256 GB,1024 GB,Windows,64-bit,0,ThinNlight,14,1,No,Yes,42990,43126,0,4.1,62,7
acer,Travelmate,Intel,Core i3,11th,8 GB GB,DDR4,256 GB,1024 GB,Windows,64-bit,0,Casual,14,0,No,No,40990,60000,31,4.2,38,2
DELL,Inspiron,Intel,Core i3,11th,8 GB GB,DDR4,256 GB,1024 GB,Windows,64-bit,0,ThinNlight,15.6,1,No,No,48990,59990,18,4.1,724,92
Smartron,t.book,Intel,Core i5,7th,4 GB GB,DDR3,128 GB,0 GB,Windows,64-bit,0,Casual,12.2,0,Yes,No,52990,55999,5,3.9,28,4
HP,Pavilion,Intel,Core i5,8th,8 GB GB,DDR4,128 GB,0 GB,Windows,64-bit,0,ThinNlight,13.3,1,No,No,76012,0,0,4.3,129,16
Lenovo,Ideapad,Intel,Core i5,11th,8 GB GB,DDR4,256 GB,0 GB,Windows,64-bit,0,Casual,15.6,2,No,Yes,49490,75390,34,4.3,365,35
acer,Swift,Intel,Core i5,8th,8 GB GB,DDR4,256 GB,0 GB,Windows,64-bit,0,ThinNlight,13.3,1,No,No,59490,65546,9,3.5,33,7
ASUS,VivoBook14,Intel,Core i5,11th,8 GB GB,DDR4,256 GB,0 GB,Windows,64-bit,0,ThinNlight,14.1,1,No,No,49800,66990,25,0.0,0,0
Lenovo,Ideapad,Intel,Core i5,11th,8 GB GB,DDR4,256 GB,0 GB,Windows,64-bit,0,Casual,15.6,1,No,Yes,61999,68999,10,2.8,4,0
Lenovo,Ideapad,Intel,Core i5,11th,8 GB GB,DDR4,512 GB,0 GB,Windows,64-bit,0,Casual,14,2,No,Yes,52990,74390,28,4.2,300,24
HP,Pavilion,Intel,Core i5,11th,16 GB GB,DDR4,512 GB,0 GB,Windows,64-bit,0,ThinNlight,14,1,No,Yes,67990,78294,13,4.5,108,6
ASUS,TUF,Intel,Core i5,10th,8 GB GB,DDR4,512 GB,0 GB,Windows,64-bit,4,Gaming,15.6,1,No,No,57990,81990,29,4.5,3712,412
Lenovo,Ideapad,Intel,Core i5,11th,16 GB GB,DDR4,512 GB,0 GB,Windows,64-bit,0,ThinNlight,15.6,1,No,Yes,62300,101390,38,4.4,825,95
realme,Book(Slim),Intel,Core i5,11th,8 GB GB,DDR4,512 GB,0 GB,Windows,64-bit,0,Casual,14,1,No,Yes,52990,69999,24,4.4,3470,505
Lenovo,IdeaPad,Intel,Core i5,11th,8 GB GB,DDR4,512 GB,0 GB,Windows,64-bit,0,ThinNlight,15.6,2,No,Yes,51990,88990,41,4.2,85,4
Lenovo,IdeaPad,Intel,Core i5,11th,16 GB GB,DDR4,512 GB,0 GB,Windows,64-bit,0,ThinNlight,14,0,No,No,61990,97890,36,4.2,56,7
RedmiBook,Pro,Intel,Core i5,11th,8 GB GB,DDR4,512 GB,0 GB,Windows,32-bit,0,ThinNlight,15.6,1,No,No,48990,59990,18,4.2,1708,242
ASUS,VivoBook,Intel,Core i5,11th,8 GB GB,LPDDR4X,512 GB,0 GB,Windows,32-bit,0,Casual,14,1,Yes,Yes,63990,82990,22,4.6,10,1
Lenovo,ThinkPad,Intel,Core i5,11th,8 GB GB,DDR4,512 GB,0 GB,Windows,64-bit,0,Casual,15.6,1,No,Yes,65990,78109,15,4.6,17,4
Nokia,PureBook,Intel,Core i5,10th,8 GB GB,DDR4,512 GB,0 GB,Windows,64-bit,0,ThinNlight,14,0,No,No,47990,90000,46,4.4,1119,242
acer,Aspire,Intel,Core i5,11th,8 GB GB,DDR4,512 GB,0 GB,Windows,64-bit,0,ThinNlight,15.6,1,No,No,52990,75999,30,4.2,155,20
Lenovo,IdeaPad,Intel,Core i5,10th,8 GB GB,DDR4,512 GB,0 GB,Windows,64-bit,0,ThinNlight,15.6,1,No,No,49990,79690,37,0.0,0,0
ASUS,ASUS,Intel,Core i5,11th,8 GB GB,DDR4,512 GB,0 GB,Windows,64-bit,4,Gaming,17.3,0,No,No,71990,115990,37,4.4,91,17
ASUS,VivoBook,Intel,Core i5,10th,8 GB GB,DDR4,512 GB,0 GB,Windows,64-bit,0,Casual,15.6,1,No,No,47990,62990,23,4.0,35,2
Nokia,PureBook,Intel,Core i5,10th,8 GB GB,DDR4,512 GB,0 GB,Windows,64-bit,0,ThinNlight,14,0,No,No,45990,74990,38,4.7,6,1
Lenovo,IdeaPad,Intel,Core i5,10th,8 GB GB,DDR4,512 GB,0 GB,Windows,32-bit,0,ThinNlight,15.6,2,No,Yes,48490,64290,24,4.3,126,13
ASUS,ASUS,Intel,Core i5,11th,8 GB GB,DDR4,512 GB,0 GB,Windows,64-bit,4,Gaming,17.3,0,No,No,72990,105990,31,4.5,74,10
MSI,Katana,Intel,Core i5,11th,16 GB GB,DDR4,512 GB,0 GB,Windows,64-bit,4,Casual,15.6,2,No,No,76990,106990,28,4.6,75,17
ASUS,TUF,Intel,Core i5,11th,16 GB GB,DDR4,512 GB,0 GB,Windows,64-bit,6,Gaming,15.6,1,No,Yes,89990,129990,30,4.6,124,17
MSI,GF63,Intel,Core i5,10th,8 GB GB,DDR4,512 GB,0 GB,Windows,64-bit,4,Casual,15.6,2,No,No,59990,83990,28,4.5,1597,228
ASUS,TUF,Intel,Core i5,10th,8 GB GB,DDR4,512 GB,0 GB,Windows,64-bit,4,Gaming,15.6,1,No,Yes,65990,89990,26,4.4,3850,378
DELL,Inspiron,Intel,Core i5,11th,8 GB GB,DDR4,512 GB,0 GB,Windows,64-bit,0,Casual,14,0,Yes,No,71990,94201,23,4.7,7,1
DELL,Inspiron,Intel,Core i5,11th,8 GB GB,DDR4,512 GB,0 GB,Windows,64-bit,0,Casual,14,0,Yes,No,71890,92549,22,4.3,3,0
Lenovo,IdeaPad,Intel,Core i5,11th,16 GB GB,DDR4,512 GB,0 GB,Windows,64-bit,0,ThinNlight,15.6,0,No,No,64990,97890,33,0.0,0,0
ASUS,VivoBook,Intel,Core i5,11th,16 GB GB,DDR4,512 GB,0 GB,Windows,64-bit,0,Casual,14,1,No,No,65990,90990,27,0.0,0,0
ASUS,VivoBook,Intel,Core i5,11th,16 GB GB,DDR4,512 GB,0 GB,Windows,64-bit,4,Casual,14,1,No,No,73490,110990,33,4.5,213,45
HP,Pavilion,Intel,Core i5,11th,16 GB GB,DDR4,512 GB,0 GB,Windows,64-bit,0,ThinNlight,14,1,No,Yes,74490,85359,12,4.3,10,0
HP,Pavilion,Intel,Core i5,11th,8 GB GB,DDR4,512 GB,0 GB,Windows,64-bit,0,ThinNlight,14,1,No,Yes,58340,74839,22,4.0,69,6
acer,Aspire,Intel,Core i5,11th,8 GB GB,DDR4,512 GB,0 GB,Windows,64-bit,0,ThinNlight,14,1,No,No,55999,75999,26,4.5,6,0
DELL,Inspiron,Intel,Core i5,11th,16 GB GB,DDR4,512 GB,0 GB,Windows,64-bit,0,ThinNlight,14,0,No,No,67990,89849,24,4.4,93,9
ASUS,VivoBook,Intel,Core i5,11th,16 GB GB,DDR4,512 GB,0 GB,Windows,64-bit,0,Casual,14,1,No,No,59990,80990,25,4.5,11,2
ASUS,TUF,Intel,Core i5,11th,16 GB GB,DDR4,512 GB,0 GB,Windows,64-bit,6,Casual,15.6,1,No,Yes,82990,104990,20,4.4,262,31
DELL,Vostro,Intel,Core i5,11th,8 GB GB,DDR4,512 GB,0 GB,Windows,64-bit,2,Casual,14,1,No,Yes,64190,85391,24,0.0,0,0
realme,Book(Slim),Intel,Core i5,11th,8 GB GB,DDR4,512 GB,0 GB,Windows,64-bit,0,Casual,14,1,No,Yes,60999,69999,12,4.4,3470,505
HP,Spectre,Intel,Core i5,11th,8 GB GB,LPDDR4X,512 GB,0 GB,Windows,64-bit,0,Casual,13.3,0,Yes,No,97990,114749,14,5.0,3,1
ASUS,VivoBook,Intel,Core i5,9th,8 GB GB,DDR4,512 GB,0 GB,Windows,64-bit,4,Gaming,15.6,1,No,Yes,54990,76990,28,4.4,1681,227
Lenovo,Thinkbook,Intel,Core i5,11th,8 GB GB,DDR4,512 GB,0 GB,Windows,64-bit,0,ThinNlight,15,1,No,Yes,59990,115167,47,4.3,37,2
Lenovo,IdeaPad,Intel,Core i5,11th,8 GB GB,DDR4,512 GB,0 GB,Windows,64-bit,0,ThinNlight,15.6,1,No,Yes,53990,79890,32,4.2,61,2
HP,Pavilion,Intel,Core i5,11th,16 GB GB,DDR4,512 GB,0 GB,Windows,64-bit,0,ThinNlight,14,1,No,Yes,66999,79445,15,4.4,17,1
acer,Intel,Intel,Core i5,11th,8 GB GB,LPDDR4X,512 GB,0 GB,Windows,64-bit,0,ThinNlight,14,1,No,Yes,60990,89999,32,4.4,17,1
DELL,G15,Intel,Core i5,10th,16 GB GB,DDR4,512 GB,0 GB,Windows,64-bit,4,Casual,15.6,1,No,No,79990,103102,22,0.0,0,0
ASUS,TUF,Intel,Core i5,10th,8 GB GB,DDR4,512 GB,0 GB,Windows,64-bit,4,Gaming,15.6,1,No,No,63990,74990,14,0.0,0,0
HP,Pavilion,Intel,Core i5,11th,8 GB GB,DDR4,512 GB,0 GB,Windows,64-bit,0,ThinNlight,15.6,1,No,Yes,63990,77327,17,4.7,17,1
ASUS,VivoBook,Intel,Core i5,11th,16 GB GB,DDR4,512 GB,0 GB,Windows,64-bit,0,Casual,14,1,No,No,59990,80990,25,0.0,0,0
Lenovo,IdeaPad,Intel,Core i5,11th,8 GB GB,DDR4,512 GB,0 GB,Windows,64-bit,0,ThinNlight,14,1,No,No,55990,89790,37,0.0,0,0
ASUS,VivoBook,Intel,Core i5,11th,16 GB GB,DDR4,512 GB,0 GB,Windows,64-bit,0,Casual,14,1,No,No,59990,80990,25,0.0,0,0
HP,Pavilion,Intel,Core i5,11th,8 GB GB,DDR4,512 GB,0 GB,Windows,64-bit,0,ThinNlight,15.6,1,No,Yes,63990,75023,14,4.7,3,0
DELL,Vostro,Intel,Core i5,11th,16 GB GB,DDR4,512 GB,0 GB,Windows,64-bit,2,Casual,14,1,No,Yes,69490,92552,24,0.0,0,0
DELL,Inspiron,Intel,Core i5,11th,16 GB GB,DDR4,512 GB,0 GB,Windows,64-bit,0,Casual,14,1,Yes,Yes,89390,109353,18,0.0,0,0
ASUS,ZenBook,Intel,Core i5,11th,8 GB GB,LPDDR4X,512 GB,0 GB,Windows,64-bit,0,ThinNlight,13.3,0,No,No,74990,86990,13,0.0,0,0
Lenovo,Thinkbook,Intel,Core i5,11th,8 GB GB,DDR4,512 GB,0 GB,Windows,64-bit,0,Casual,14,3,Yes,Yes,64990,151557,57,4.0,48,12
Lenovo,Legion,Intel,Core i5,10th,8 GB GB,DDR4,512 GB,0 GB,Windows,64-bit,4,Casual,15.6,1,No,Yes,66490,93690,29,4.4,282,36
DELL,Inspiron,Intel,Core i5,11th,16 GB GB,DDR4,512 GB,0 GB,Windows,64-bit,2,Casual,15.6,1,No,Yes,89702,0,0,0.0,0,0
Lenovo,Ideapad,Intel,Core i5,11th,16 GB GB,DDR4,512 GB,0 GB,Windows,64-bit,2,Casual,15.6,1,No,Yes,70990,104890,32,4.2,67,4
Infinix,INBook,Intel,Core i5,10th,8 GB GB,LPDDR4X,512 GB,0 GB,Windows,64-bit,0,ThinNlight,14,0,No,No,42490,59999,29,4.1,383,65
ASUS,VivoBook,Intel,Core i5,11th,16 GB GB,DDR4,512 GB,0 GB,Windows,64-bit,0,Casual,17.3,1,Yes,Yes,58990,85990,31,0.0,0,0
Lenovo,Ideapad,Intel,Core i5,10th,8 GB GB,DDR4,512 GB,0 GB,Windows,64-bit,2,Casual,15.6,1,No,Yes,57500,86720,33,0.0,0,0
DELL,Inspiron,Intel,Core i5,11th,8 GB GB,DDR4,512 GB,0 GB,Windows,64-bit,2,Casual,14,1,Yes,Yes,79990,97946,18,4.6,23,2
MSI,Modern,Intel,Core i5,10th,8 GB GB,DDR4,512 GB,0 GB,Windows,64-bit,0,Casual,14,0,No,No,56541,61990,8,4.4,677,87
Lenovo,ThinkBook,Intel,Core i5,11th,16 GB GB,DDR4,512 GB,0 GB,Windows,64-bit,0,Casual,13,1,No,Yes,64990,120708,46,4.4,46,4
ASUS,ASUS,Intel,Core i5,11th,8 GB GB,DDR4,512 GB,0 GB,Windows,32-bit,6,Casual,16,1,No,No,84990,129990,34,5.0,5,0
HP,Pavilion,Intel,Core i5,11th,8 GB GB,DDR4,512 GB,0 GB,Windows,64-bit,0,ThinNlight,16,1,No,Yes,72500,80900,10,4.4,40,3
Lenovo,Yoga,Intel,Core i5,11th,8 GB GB,DDR4,512 GB,0 GB,Windows,64-bit,0,Casual,16,1,Yes,Yes,87990,125890,30,4.7,28,6
DELL,Inspiron,Intel,Core i5,11th,8 GB GB,DDR4,512 GB,0 GB,Windows,64-bit,0,ThinNlight,16,1,No,Yes,69490,69736,0,4.2,72,7
Lenovo,Thinkbook,Intel,Core i5,11th,8 GB GB,DDR4,512 GB,0 GB,Windows,64-bit,0,Casual,16,3,Yes,Yes,68990,159180,56,4.6,44,8
ASUS,ZenBook,Intel,Core i5,11th,8 GB GB,LPDDR4X,512 GB,0 GB,Windows,64-bit,0,Casual,16,1,Yes,No,105990,140990,24,4.4,59,11
MSI,Prestige,Intel,Core i5,11th,8 GB GB,LPDDR4X,512 GB,0 GB,Windows,64-bit,0,Casual,16,1,No,No,79990,95990,16,0.0,0,0
Lenovo,IdeaPad,Intel,Core i5,11th,8 GB GB,DDR4,512 GB,0 GB,Windows,64-bit,0,ThinNlight,16,1,No,Yes,69990,104890,33,4.6,10,2
DELL,Inspiron,Intel,Core i5,11th,8 GB GB,DDR4,512 GB,0 GB,Windows,64-bit,0,ThinNlight,16,1,No,Yes,71090,89849,20,4.1,44,6
DELL,XPS,Intel,Core i5,11th,8 GB GB,LPDDR4X,512 GB,0 GB,Windows,64-bit,0,ThinNlight,16,1,No,Yes,114990,115729,0,0.0,0,0
APPLE,MacBook,Intel,Core i5,10th,8 GB GB,LPDDR4X,512 GB,0 GB,Mac,64-bit,0,Casual,16,1,No,No,159990,174900,8,4.4,32,5
Lenovo,ThinkPad,Intel,Core i5,10th,8 GB GB,DDR4,512 GB,0 GB,Windows,64-bit,0,ThinNlight,16,3,No,No,147000,0,0,0.0,0,0
HP,Envy,Intel,Core i5,10th,8 GB GB,DDR4,512 GB,0 GB,Windows,64-bit,4,Casual,16,1,No,Yes,106490,138366,23,4.7,3,0
Lenovo,IdeaPad,Intel,Core i5,11th,8 GB GB,DDR4,512 GB,0 GB,Windows,32-bit,2,Casual,16,1,No,Yes,70990,113290,37,4.6,11,3
HP,Spectre,Intel,Core i5,11th,8 GB GB,LPDDR4X,512 GB,0 GB,Windows,64-bit,0,Casual,16,0,Yes,No,111999,146194,23,0.0,0,0
HP,HP,Intel,Core i5,11th,8 GB GB,DDR4,512 GB,0 GB,Windows,64-bit,2,Casual,16,1,Yes,Yes,76990,99203,22,4.4,14,2
DELL,Inspiron,Intel,Core i5,11th,8 GB GB,DDR4,512 GB,0 GB,Windows,64-bit,0,Casual,16,1,Yes,Yes,77990,98200,20,4.5,31,5
DELL,Inspiron,Intel,Core i5,11th,8 GB GB,DDR4,512 GB,0 GB,Windows,64-bit,2,Casual,16,1,No,Yes,88990,90605,1,3.8,19,2
ASUS,ZenBook,Intel,Core i5,11th,8 GB GB,LPDDR4X,512 GB,0 GB,Windows,64-bit,0,ThinNlight,16,0,No,No,84990,104990,19,0.0,0,0
ASUS,ZenBook,Intel,Core i5,11th,8 GB GB,LPDDR4,512 GB,0 GB,Windows,64-bit,0,ThinNlight,16,0,No,No,84990,104990,19,0.0,0,0
ASUS,ASUS,Intel,Core i5,11th,8 GB GB,DDR4,512 GB,0 GB,Windows,64-bit,6,Casual,16,1,No,No,88990,129990,31,0.0,0,0
HP,HP,Intel,Core i5,11th,8 GB GB,DDR4,512 GB,0 GB,Windows,64-bit,0,ThinNlight,16,1,Yes,Yes,114999,138166,16,0.0,0,0
DELL,Inspiron,Intel,Core i5,11th,8 GB GB,DDR4,512 GB,0 GB,Windows,64-bit,2,Casual,16,1,Yes,Yes,82990,94600,12,4.5,21,2
Lenovo,Yoga,Intel,Core i5,11th,8 GB GB,DDR4,512 GB,0 GB,Windows,64-bit,0,ThinNlight,16,1,Yes,Yes,82990,117490,29,0.0,0,0
ASUS,ZenBook,Intel,Core i5,11th,8 GB GB,LPDDR4X,512 GB,0 GB,Windows,64-bit,0,Casual,16,1,Yes,No,114990,140990,18,0.0,0,0
HP,Spectre,Intel,Core i5,11th,8 GB GB,LPDDR4X,512 GB,0 GB,Windows,64-bit,0,Casual,16,1,Yes,No,129999,155436,16,0.0,0,0
DELL,Inspiron,Intel,Core i5,11th,8 GB GB,DDR4,512 GB,0 GB,Windows,64-bit,2,Casual,16,0,No,No,71290,95136,25,0.0,0,0
MSI,Prestige,Intel,Core i5,11th,8 GB GB,LPDDR4X,512 GB,0 GB,Windows,64-bit,0,Casual,16,1,No,No,79990,93489,14,4.9,11,4
Lenovo,Yoga,Intel,Core i5,11th,8 GB GB,DDR4,512 GB,0 GB,Windows,64-bit,0,Casual,16,1,No,Yes,91999,92000,0,4.6,16,2
DELL,Inspiron,Intel,Core i5,11th,8 GB GB,DDR4,512 GB,0 GB,Windows,64-bit,0,Casual,16,1,Yes,Yes,78900,84900,7,3.6,16,1
Nokia,PureBook,Intel,Core i5,11th,16 GB GB,DDR4,512 GB,0 GB,Windows,64-bit,0,ThinNlight,14,0,No,No,55990,82990,32,4.1,117,31
Lenovo,IdeaPad,Intel,Core i5,11th,8 GB GB,DDR4,512 GB,0 GB,Windows,64-bit,4,Gaming,15.6,0,No,No,60990,93690,34,3.9,14,6
Avita,Liber,Intel,Core i5,7th,8 GB GB,DDR4,512 GB,0 GB,Windows,64-bit,0,ThinNlight,13.3,0,No,No,65556,79990,18,0.0,0,0
DELL,Inspiron,Intel,Core i5,11th,16 GB GB,DDR4,512 GB,0 GB,Windows,64-bit,0,ThinNlight,15.6,0,No,No,70190,90783,22,3.5,6,3
Avita,Liber,Intel,Core i5,7th,8 GB GB,DDR4,512 GB,0 GB,Windows,64-bit,0,ThinNlight,13.3,0,No,No,65556,79990,18,0.0,0,0
ASUS,TUF,Intel,Core i5,11th,8 GB GB,DDR4,512 GB,0 GB,Windows,64-bit,4,Casual,15.6,1,No,No,76990,105990,27,0.0,0,0
Nokia,PureBook,Intel,Core i5,11th,8 GB GB,DDR4,512 GB,0 GB,Windows,64-bit,0,ThinNlight,14,0,No,No,52790,82990,36,4.0,5,0
Avita,Liber,Intel,Core i5,7th,8 GB GB,DDR4,512 GB,0 GB,Windows,64-bit,0,ThinNlight,13.3,0,No,No,65556,79990,18,0.0,0,0
Avita,Liber,Intel,Core i5,8th,8 GB GB,DDR4,512 GB,0 GB,Windows,64-bit,0,ThinNlight,14,0,No,No,44990,76990,41,3.4,17,3
ASUS,Intel,Intel,Core i5,11th,8 GB GB,DDR4,512 GB,0 GB,Windows,64-bit,0,Casual,13.3,1,Yes,Yes,84990,115990,26,3.9,17,2
Lenovo,Ideapad,Intel,Core i5,10th,8 GB GB,DDR4,512 GB,0 GB,Windows,64-bit,2,Casual,14,1,Yes,Yes,86999,109000,20,4.7,3,0
HP,Pavilion,Intel,Core i5,11th,16 GB GB,DDR4,512 GB,0 GB,Windows,64-bit,2,Casual,15.6,1,No,No,78000,89000,12,4.4,512,85
Avita,Liber,Intel,Core i5,8th,8 GB GB,DDR4,512 GB,0 GB,Windows,64-bit,0,ThinNlight,14,0,No,No,73063,76990,5,3.4,17,3
Avita,Liber,Intel,Core i5,8th,8 GB GB,DDR4,512 GB,0 GB,Windows,64-bit,0,ThinNlight,14,0,No,No,73063,76990,5,3.4,17,3
HP,HP,Intel,Core i5,11th,16 GB GB,DDR4,512 GB,0 GB,Windows,64-bit,4,Casual,14,1,No,Yes,100990,113000,10,0.0,0,0
Lenovo,Ideapad,Intel,Core i5,8th,8 GB GB,DDR4,512 GB,0 GB,Windows,64-bit,0,ThinNlight,13.3,1,No,Yes,74990,83458,10,3.3,3,1
ASUS,ROG,Intel,Core i5,10th,8 GB GB,DDR4,512 GB,0 GB,Windows,64-bit,4,Casual,15.6,0,No,No,75990,101990,25,4.6,1365,137
ASUS,ASUS,Intel,Core i5,11th,8 GB GB,DDR4,1024 GB,0 GB,Windows,64-bit,4,Gaming,15.6,0,No,No,75990,116990,35,4.5,368,48
ASUS,TUF,Intel,Core i5,11th,8 GB GB,DDR4,1024 GB,0 GB,Windows,64-bit,4,Gaming,17.3,1,No,Yes,77990,115990,32,4.4,202,26
ASUS,ROG,Intel,Core i5,10th,8 GB GB,DDR4,1024 GB,0 GB,Windows,64-bit,4,Casual,15.6,1,No,No,77990,149990,48,4.5,187,26
APPLE,MacBook,Intel,Core i5,10th,16 GB GB,LPDDR4X,1024 GB,0 GB,Mac,64-bit,0,Casual,13,1,No,No,179990,194900,7,4.7,31,3
APPLE,MacBook,Intel,Core i5,10th,16 GB GB,LPDDR4X,1024 GB,0 GB,Mac,64-bit,0,Casual,13,1,No,No,179990,194900,7,4.8,91,5
ASUS,TUF,Intel,Core i5,11th,8 GB GB,DDR4,1024 GB,0 GB,Windows,64-bit,4,Casual,16,1,No,No,87990,126990,30,0.0,0,0
DELL,Inspiron,Intel,Core i5,11th,8 GB GB,LPDDR4X,1024 GB,0 GB,Windows,64-bit,0,ThinNlight,13.3,0,No,No,74190,83417,11,4.5,21,3
Lenovo,ThinkBook,Intel,Core i5,11th,8 GB GB,DDR4,1024 GB,0 GB,Windows,64-bit,0,ThinNlight,13.3,1,No,Yes,64990,121608,46,3.0,4,0
Lenovo,ThinkPad,Intel,Core i5,10th,8 GB GB,DDR4,512 GB,512 GB,Windows,64-bit,0,ThinNlight,16,3,Yes,No,155411,0,0,0.0,0,0
acer,Aspire,Intel,Core i5,11th,8 GB GB,DDR4,0 GB,1024 GB,Windows,64-bit,0,Casual,15.6,0,No,No,49990,65999,24,0.0,0,0
acer,Aspire,Intel,Core i5,11th,8 GB GB,DDR4,0 GB,1024 GB,Windows,64-bit,0,ThinNlight,14,1,No,No,46990,56999,17,3.8,253,28
DELL,Vostro,Intel,Core i5,11th,8 GB GB,DDR4,0 GB,1024 GB,Windows,64-bit,0,ThinNlight,14,1,No,Yes,48990,70286,30,3.6,470,46
HP,Pavilion,Intel,Core i5,8th,8 GB GB,DDR4,0 GB,1024 GB,Windows,64-bit,2,Casual,15.6,1,No,Yes,64990,68270,4,4.3,23,4
HP,15q,Intel,Core i5,8th,8 GB GB,DDR4,0 GB,1024 GB,Windows,64-bit,0,Casual,15.6,1,No,No,46790,50190,6,4.2,3062,325
acer,Swift,Intel,Core i5,8th,8 GB GB,DDR4,0 GB,1024 GB,Windows,64-bit,2,Casual,15.6,1,No,No,72964,73199,0,4.2,18,6
HP,250,Intel,Core i5,10th,8 GB GB,DDR4,0 GB,1024 GB,Windows,32-bit,0,Casual,15.6,1,No,Yes,48790,54786,10,3.4,11,1
acer,Aspire,Intel,Core i5,10th,8 GB GB,DDR4,0 GB,1024 GB,Windows,64-bit,2,Casual,15.6,1,No,No,56491,0,0,3.2,30,6
ASUS,VivoBook,Intel,Core i5,11th,8 GB GB,DDR4,256 GB,1024 GB,Windows,32-bit,0,Casual,15.6,1,No,Yes,50990,70990,28,4.3,1188,127
ASUS,VivoBook,Intel,Core i5,10th,8 GB GB,DDR4,256 GB,1024 GB,Windows,64-bit,4,Gaming,15.6,0,No,No,55990,81990,31,4.5,23,0
acer,Aspire,Intel,Core i5,11th,8 GB GB,DDR4,256 GB,1024 GB,Windows,64-bit,0,Casual,15.6,1,No,No,57990,69999,17,4.6,32,1
ASUS,VivoBook,Intel,Core i5,11th,8 GB GB,DDR4,256 GB,1024 GB,Windows,64-bit,0,Casual,15.6,1,No,No,52990,72990,27,0.0,0,0
DELL,Inspiron,Intel,Core i5,11th,8 GB GB,DDR4,256 GB,1024 GB,Windows,64-bit,0,Casual,15.6,1,No,No,57990,74833,22,4.2,47,0
acer,Aspire,Intel,Core i5,11th,8 GB GB,DDR4,256 GB,1024 GB,Windows,64-bit,0,ThinNlight,15.6,1,No,No,56990,64999,12,4.0,27,2
acer,Travelmate,Intel,Core i5,11th,8 GB GB,DDR4,256 GB,1024 GB,Windows,64-bit,0,Casual,14,0,No,No,55490,60000,7,3.8,8,3
DELL,Inspiron,Intel,Core i5,11th,8 GB GB,DDR4,256 GB,1024 GB,Windows,64-bit,2,Casual,15.6,1,No,No,62490,86199,27,3.9,157,20
ASUS,VivoBook,Intel,Core i5,11th,16 GB GB,DDR4,256 GB,1024 GB,Windows,64-bit,0,Casual,15.6,1,No,No,64990,85990,24,4.7,10,1
Lenovo,Ideapad,Intel,Core i5,11th,8 GB GB,DDR4,256 GB,1024 GB,Windows,64-bit,2,Casual,15.6,1,No,Yes,59990,93690,35,4.3,52,4
ASUS,VivoBook,Intel,Core i5,11th,8 GB GB,DDR4,256 GB,1024 GB,Windows,64-bit,2,Casual,15.6,1,No,Yes,60190,78990,23,4.4,33,4
ASUS,VivoBook,Intel,Core i5,9th,8 GB GB,DDR4,256 GB,1024 GB,Windows,64-bit,4,Gaming,15.6,0,No,No,54490,77990,30,4.3,343,47
Lenovo,Legion,Intel,Core i5,9th,8 GB GB,DDR4,256 GB,1024 GB,Windows,64-bit,4,Casual,15.6,1,No,Yes,60990,86690,29,4.3,131,17
DELL,Inspiron,Intel,Core i5,11th,4 GB GB,DDR4,256 GB,1024 GB,Windows,64-bit,0,ThinNlight,14.9,1,No,Yes,55790,60078,7,4.2,41,4
ASUS,VivoBook,Intel,Core i5,11th,16 GB GB,DDR4,256 GB,1024 GB,Windows,64-bit,0,Casual,15.6,1,No,Yes,64990,85990,24,4.3,328,51
DELL,Vostro,Intel,Core i5,11th,8 GB GB,DDR4,256 GB,1024 GB,Windows,64-bit,0,ThinNlight,14,1,No,Yes,54990,80284,31,3.8,353,28
HP,Pavilion,Intel,Core i5,11th,8 GB GB,DDR4,256 GB,1024 GB,Windows,64-bit,4,Gaming,15.6,1,No,Yes,71990,87717,17,4.3,127,20
DELL,3511,Intel,Core i5,11th,8 GB GB,DDR4,256 GB,1024 GB,Windows,64-bit,2,Casual,15.6,1,No,No,69900,87320,19,0.0,0,0
Lenovo,Ideapad,Intel,Core i5,11th,8 GB GB,DDR4,256 GB,1024 GB,Windows,64-bit,2,Casual,15.6,1,No,Yes,65990,99290,33,4.2,241,19
DELL,Inspiron,Intel,Core i5,11th,8 GB GB,DDR4,256 GB,1024 GB,Windows,64-bit,2,Casual,15.6,0,No,No,71695,75732,5,4.2,153,16
acer,Travelmate,Intel,Core i5,11th,16 GB GB,DDR4,256 GB,1024 GB,Windows,64-bit,0,Casual,14,0,No,No,62490,85000,26,3.4,8,0
DELL,Inspiron,Intel,Core i5,8th,8 GB GB,DDR4,0 GB,2048 GB,Windows,64-bit,2,Casual,15.6,1,No,Yes,62317,0,0,4.0,377,53
Avita,Liber,Intel,Core i7,8th,8 GB GB,DDR4,256 GB,0 GB,Windows,64-bit,0,ThinNlight,14,0,No,No,73990,79990,7,0.0,0,0
Avita,Liber,Intel,Core i7,8th,8 GB GB,DDR4,256 GB,0 GB,Windows,64-bit,0,ThinNlight,14,0,No,No,73990,79990,7,0.0,0,0
Avita,Liber,Intel,Core i7,8th,8 GB GB,DDR4,256 GB,0 GB,Windows,64-bit,0,ThinNlight,14,0,No,No,73990,79990,7,0.0,0,0
Avita,Liber,Intel,Core i7,8th,8 GB GB,DDR4,256 GB,0 GB,Windows,64-bit,0,ThinNlight,14,0,No,No,73990,79990,7,0.0,0,0
Avita,Liber,Intel,Core i7,8th,8 GB GB,DDR4,256 GB,0 GB,Windows,64-bit,0,ThinNlight,14,0,No,No,73990,79990,7,0.0,0,0
Avita,Liber,Intel,Core i7,8th,8 GB GB,DDR4,256 GB,0 GB,Windows,64-bit,0,ThinNlight,14,0,No,No,73990,79990,7,0.0,0,0
ASUS,VivoBook,Intel,Core i7,10th,16 GB GB,DDR4,512 GB,0 GB,Windows,64-bit,0,Casual,15.6,1,No,No,57990,80990,28,4.3,76,9
ASUS,VivoBook,Intel,Core i7,10th,8 GB GB,DDR4,512 GB,0 GB,Windows,64-bit,4,Gaming,15.6,0,No,No,61990,88990,30,4.5,11,2
MSI,GF63,Intel,Core i7,10th,16 GB GB,DDR4,512 GB,0 GB,Windows,64-bit,4,Casual,15.6,2,No,No,79990,95990,16,4.5,484,56
Lenovo,IdeaPad,Intel,Core i7,10th,8 GB GB,DDR4,512 GB,0 GB,Windows,64-bit,4,Gaming,15.6,1,No,Yes,68990,99290,30,4.5,44,2
Mi,Notebook,Intel,Core i7,10th,8 GB GB,DDR4,512 GB,0 GB,Windows,64-bit,2,Casual,14,1,No,No,59490,65999,9,4.2,399,40
Lenovo,IdeaPad,Intel,Core i7,11th,16 GB GB,DDR4,512 GB,0 GB,Windows,64-bit,0,Casual,14,1,Yes,Yes,85990,125890,31,4.4,77,10
Lenovo,Legion,Intel,Core i7,11th,16 GB GB,DDR4,512 GB,0 GB,Windows,64-bit,4,Casual,15.6,1,No,Yes,99990,153490,34,4.4,11,3
Infinix,X1,Intel,Core i7,10th,16 GB GB,LPDDR4X,512 GB,0 GB,Windows,64-bit,8,Casual,14,0,No,No,54990,69999,21,4.3,57,14
ASUS,VivoBook,Intel,Core i7,11th,8 GB GB,DDR4,512 GB,0 GB,Windows,64-bit,0,Casual,14,1,No,Yes,77990,96990,19,4.3,21,5
Lenovo,IdeaPad,Intel,Core i7,11th,8 GB GB,DDR4,512 GB,0 GB,Windows,64-bit,4,Gaming,15.6,0,No,No,79990,118890,32,4.0,5,2
HP,Pavilion,Intel,Core i7,11th,16 GB GB,DDR4,512 GB,0 GB,Windows,64-bit,4,Casual,15.6,1,No,Yes,93190,118776,21,5.0,4,0
ASUS,ZenBook,Intel,Core i7,11th,16 GB GB,LPDDR4X,512 GB,0 GB,Windows,64-bit,0,Casual,13.3,1,No,Yes,94990,122990,22,0.0,0,0
Lenovo,Thinkbook,Intel,Core i7,11th,16 GB GB,DDR4,512 GB,0 GB,Windows,64-bit,0,Casual,14,3,Yes,Yes,84990,109696,22,4.5,13,2
HP,Envy,Intel,Core i7,11th,16 GB GB,DDR4,512 GB,0 GB,Windows,64-bit,0,Casual,13.3,1,Yes,Yes,102990,114751,10,4.7,11,2
ASUS,ASUS,Intel,Core i7,11th,16 GB GB,DDR4,512 GB,0 GB,Windows,64-bit,4,Gaming,16,0,No,No,94990,101990,6,4.5,118,15
HP,Envy,Intel,Core i7,11th,16 GB GB,DDR4,512 GB,0 GB,Windows,64-bit,0,Casual,16,1,Yes,Yes,104000,118776,12,0.0,0,0
HP,Pavilion,Intel,Core i7,11th,16 GB GB,DDR4,512 GB,0 GB,Windows,64-bit,4,Gaming,16,1,No,Yes,90190,107262,15,4.3,6,1
MSI,Prestige,Intel,Core i7,10th,16 GB GB,DDR4,512 GB,0 GB,Windows,64-bit,4,Casual,16,1,No,No,109990,134990,18,4.3,138,30
MSI,Prestige,Intel,Core i7,11th,16 GB GB,LPDDR4X,512 GB,0 GB,Windows,64-bit,0,Casual,16,1,No,No,89990,99240,9,0.0,0,0
HP,Spectre,Intel,Core i7,10th,16 GB GB,LPDDR3,512 GB,0 GB,Windows,64-bit,0,Casual,16,1,Yes,Yes,239759,0,0,0.0,0,0
DELL,XPS,Intel,Core i7,8th,16 GB GB,DDR3,512 GB,0 GB,Windows,64-bit,0,ThinNlight,16,1,No,Yes,121890,139104,12,1.7,3,0
MSI,Katana,Intel,Core i7,11th,16 GB GB,DDR4,512 GB,0 GB,Windows,64-bit,4,Casual,16,2,No,No,94990,117990,19,0.0,0,0
HP,Pavilion,Intel,Core i7,11th,16 GB GB,DDR4,512 GB,0 GB,Windows,64-bit,4,Gaming,16,1,No,Yes,92000,113019,18,4.5,8,1
HP,Spectre,Intel,Core i7,10th,16 GB GB,DDR4,512 GB,0 GB,Windows,64-bit,0,Casual,16,1,Yes,No,162990,192977,15,3.3,3,1
DELL,XPS,Intel,Core i7,11th,16 GB GB,LPDDR4X,512 GB,0 GB,Windows,64-bit,0,ThinNlight,16,1,No,Yes,135300,135553,0,5.0,5,2
Lenovo,ThinkPad,Intel,Core i7,10th,16 GB GB,DDR4,512 GB,0 GB,Windows,64-bit,0,ThinNlight,16,3,No,No,174527,0,0,0.0,0,0
HP,Pavilion,Intel,Core i7,11th,16 GB GB,DDR4,512 GB,0 GB,Windows,64-bit,0,Casual,16,1,Yes,Yes,99999,102500,2,0.0,0,0
MSI,Prestige,Intel,Core i7,10th,16 GB GB,DDR4,512 GB,0 GB,Windows,64-bit,2,Casual,16,1,No,No,104990,123990,15,4.0,85,9
ASUS,ZenBook,Intel,Core i7,8th,16 GB GB,DDR3,512 GB,0 GB,Windows,64-bit,0,ThinNlight,16,1,No,No,99990,122990,18,4.3,30,7
ASUS,ZenBook,Intel,Core i7,11th,16 GB GB,LPDDR4X,512 GB,0 GB,Windows,64-bit,0,ThinNlight,16,0,No,No,94990,122990,22,0.0,0,0
Lenovo,Intel,Intel,Core i7,11th,16 GB GB,DDR4,512 GB,0 GB,Windows,32-bit,0,Casual,14,0,No,No,110999,139000,20,0.0,0,0
ASUS,ZenBook,Intel,Core i7,8th,8 GB GB,LPDDR3,512 GB,0 GB,Windows,64-bit,0,ThinNlight,13.3,1,No,No,81990,102987,20,4.3,40,4
MSI,GF63,Intel,Core i7,9th,8 GB GB,DDR4,512 GB,0 GB,Windows,64-bit,4,Casual,15.6,2,No,No,66990,104990,36,4.5,1639,230
MSI,GF65,Intel,Core i7,10th,16 GB GB,DDR4,1024 GB,0 GB,Windows,64-bit,6,Casual,15.6,2,No,No,84990,123990,31,4.4,498,64
ASUS,Zenbook,Intel,Core i7,11th,16 GB GB,LPDDR4X,1024 GB,0 GB,Windows,64-bit,2,Casual,14,1,Yes,Yes,104990,146990,28,0.0,0,0
ASUS,ZenBook,Intel,Core i7,11th,16 GB GB,LPDDR4X,1024 GB,0 GB,Windows,64-bit,0,Casual,14,1,Yes,No,134990,164990,18,0.0,0,0
ASUS,ASUS,Intel,Core i7,11th,16 GB GB,DDR4,1024 GB,0 GB,Windows,64-bit,4,Gaming,15.6,0,No,No,98990,136990,27,4.5,445,56
HP,Envy,Intel,Core i7,10th,16 GB GB,DDR4,1024 GB,0 GB,Windows,64-bit,6,Casual,15.6,1,No,Yes,144690,173453,16,4.2,17,4
ASUS,ZenBook,Intel,Core i7,11th,16 GB GB,LPDDR4X,1024 GB,0 GB,Windows,64-bit,0,ThinNlight,13.3,0,No,No,99990,128990,22,0.0,0,0
MSI,Stealth,Intel,Core i7,11th,16 GB GB,DDR4,1024 GB,0 GB,Windows,64-bit,6,Casual,16,2,No,No,119990,162990,26,4.3,20,3
ASUS,Zephyrus,Intel,Core i7,11th,16 GB GB,DDR4,1024 GB,0 GB,Windows,32-bit,4,Casual,16,1,No,No,194990,0,0,0.0,0,0
ASUS,ZenBook,Intel,Core i7,10th,16 GB GB,LPDDR3,1024 GB,0 GB,Windows,64-bit,2,Casual,16,1,No,Yes,124990,146990,14,4.6,17,1
DELL,Inspiron,Intel,Core i7,11th,16 GB GB,DDR4,1024 GB,0 GB,Windows,64-bit,2,Casual,16,0,No,No,122410,0,0,0.0,0,0
HP,Spectre,Intel,Core i7,10th,16 GB GB,DDR4,1024 GB,0 GB,Windows,64-bit,0,Casual,16,1,Yes,No,179990,216368,16,4.2,13,5
MSI,Summit,Intel,Core i7,11th,16 GB GB,DDR4,1024 GB,0 GB,Windows,64-bit,4,Casual,16,2,Yes,No,154990,156990,1,4.0,3,2
Lenovo,Yoga,Intel,Core i7,11th,16 GB GB,LPDDR4X,1024 GB,0 GB,Windows,64-bit,0,Casual,16,1,No,Yes,122990,167890,26,3.0,4,2
HP,OMEN,Intel,Core i7,11th,16 GB GB,DDR4,1024 GB,0 GB,Windows,64-bit,4,Casual,16,0,No,No,121990,138399,11,0.0,0,0
HP,OMEN,Intel,Core i7,11th,16 GB GB,DDR4,1024 GB,0 GB,Windows,64-bit,4,Casual,16,0,No,No,116990,132717,11,0.0,0,0
Lenovo,Legion,Intel,Core i7,11th,16 GB GB,DDR4,1024 GB,0 GB,Windows,64-bit,6,Casual,16,0,No,No,151098,224490,32,4.4,7,0
MSI,Pulse,Intel,Core i7,11th,16 GB GB,DDR4,1024 GB,0 GB,Windows,64-bit,8,Casual,16,2,No,No,129990,179990,27,4.2,14,3
HP,Spectre,Intel,Core i7,11th,16 GB GB,LPDDR4X,1024 GB,0 GB,Windows,64-bit,0,Casual,16,1,Yes,No,149999,178464,15,0.0,0,0
acer,Predator,Intel,Core i7,11th,16 GB GB,DDR4,1024 GB,0 GB,Windows,64-bit,6,Casual,16,1,No,No,129990,149990,13,4.5,54,7
HP,OMEN,Intel,Core i7,11th,16 GB GB,DDR4,1024 GB,0 GB,Windows,64-bit,8,Casual,16,1,No,Yes,171990,197862,13,0.0,0,0
DELL,Inspiron,Intel,Core i7,11th,16 GB GB,DDR4,1024 GB,0 GB,Windows,64-bit,2,Casual,16,1,No,Yes,93955,122300,23,4.8,4,0
HP,Spectre,Intel,Core i7,11th,16 GB GB,LPDDR4X,1024 GB,0 GB,Windows,64-bit,0,Casual,16,1,Yes,Yes,128500,152042,15,3.7,3,1
Lenovo,Yoga,Intel,Core i7,11th,16 GB GB,DDR4,1024 GB,0 GB,Windows,64-bit,0,Casual,16,1,Yes,Yes,102990,104033,1,4.4,16,2
ASUS,ZenBook,Intel,Core i7,11th,16 GB GB,LPDDR4X,1024 GB,0 GB,Windows,64-bit,0,Casual,16,1,Yes,No,119990,158990,24,4.8,8,1
ASUS,Zephyrus,Intel,Core i7,11th,16 GB GB,DDR4,1024 GB,0 GB,Windows,32-bit,6,Casual,16,1,No,No,157249,220990,28,4.3,7,0
ASUS,ASUS,Intel,Core i7,11th,16 GB GB,DDR4,1024 GB,0 GB,Windows,64-bit,6,Casual,16,1,No,No,131500,175000,24,0.0,0,0
ASUS,ExpertBook,Intel,Core i7,10th,16 GB GB,LPDDR3,1024 GB,0 GB,Windows,64-bit,0,Casual,16,0,No,No,154990,172990,10,5.0,3,0
ASUS,ExpertBook,Intel,Core i7,10th,16 GB GB,LPDDR3,1024 GB,0 GB,Windows,64-bit,0,Casual,16,0,No,No,165990,202990,18,0.0,0,0
Lenovo,Yoga,Intel,Core i7,10th,16 GB GB,LPDDR4X,1024 GB,0 GB,Windows,64-bit,0,ThinNlight,16,0,No,No,119990,148082,18,2.5,2,1
ASUS,ExpertBook,Intel,Core i7,10th,16 GB GB,LPDDR3,1024 GB,0 GB,Windows,64-bit,0,Casual,16,0,No,No,167990,202990,17,0.0,0,0
HP,Spectre,Intel,Core i7,11th,16 GB GB,LPDDR4X,1024 GB,0 GB,Windows,64-bit,0,Casual,16,1,Yes,No,165000,198825,17,0.0,0,0
Avita,Liber,Intel,Core i7,10th,16 GB GB,DDR4,1024 GB,0 GB,Windows,64-bit,0,ThinNlight,14,0,No,No,62990,83390,24,3.9,207,49
Lenovo,ThinkBook,Intel,Core i7,11th,16 GB GB,LPDDR4,1024 GB,0 GB,Windows,64-bit,0,Casual,13,1,No,Yes,85990,148158,41,3.4,7,2
HP,HP,Intel,Core i7,11th,16 GB GB,DDR4,1024 GB,0 GB,Windows,64-bit,2,Casual,13.3,1,No,Yes,94990,160134,40,0.0,0,0
HP,Omen,Intel,Core i7,11th,16 GB GB,DDR4,1024 GB,0 GB,Windows,64-bit,6,Casual,16.1,1,No,Yes,136990,157563,13,0.0,0,0
Lenovo,Legion,Intel,Core i7,10th,16 GB GB,DDR4,1024 GB,0 GB,Windows,64-bit,8,Casual,15.6,1,No,Yes,234990,349890,32,0.0,0,0
acer,Predator,Intel,Core i7,10th,16 GB GB,DDR4,2048 GB,0 GB,Windows,64-bit,8,Casual,16,1,No,No,159990,160190,0,3.8,4,0
ASUS,ExpertBook,Intel,Core i7,10th,16 GB GB,LPDDR3,2048 GB,0 GB,Windows,64-bit,0,Casual,16,0,No,No,233990,0,0,0.0,0,0
MSI,GF63,Intel,Core i7,10th,8 GB GB,DDR4,256 GB,1024 GB,Windows,64-bit,4,Casual,15.6,2,No,No,63990,83990,23,4.3,794,83
ASUS,VivoBook,Intel,Core i7,10th,16 GB GB,DDR4,256 GB,1024 GB,Windows,64-bit,4,Gaming,15.6,0,No,No,66990,97990,31,4.2,25,4
acer,Predator,Intel,Core i7,10th,16 GB GB,DDR4,256 GB,1024 GB,Windows,64-bit,6,Casual,16,1,No,No,119990,140990,14,4.6,2038,313
MSI,WF65,Intel,Core i7,10th,16 GB GB,DDR4,256 GB,1024 GB,Windows,64-bit,4,Casual,16,3,No,No,159990,179990,11,0.0,0,0
acer,Predator,Intel,Core i7,11th,16 GB GB,DDR4,512 GB,1024 GB,Windows,64-bit,4,Casual,15.6,1,No,No,92990,130990,29,4.5,214,37
acer,Predator,Intel,Core i7,11th,16 GB GB,DDR4,512 GB,1024 GB,Windows,32-bit,6,Casual,15.6,1,No,No,119990,140990,14,4.5,342,54
acer,Predator,Intel,Core i9,11th,32 GB GB,DDR4,1024 GB,0 GB,Windows,64-bit,8,Casual,15.6,1,No,No,169990,199999,15,0.0,0,0
acer,Predator,Intel,Core i9,11th,16 GB GB,DDR4,1024 GB,0 GB,Windows,64-bit,6,Casual,15.6,1,No,No,139990,179999,22,0.0,0,0
MSI,Creator,Intel,Core i9,11th,16 GB GB,DDR4,1024 GB,0 GB,Windows,64-bit,6,Casual,16,0,No,No,192990,223890,13,0.0,0,0
ASUS,ASUS,Intel,Core i9,11th,16 GB GB,DDR4,1024 GB,0 GB,Windows,64-bit,6,Gaming,15.6,1,No,No,139990,144990,3,0.0,0,0
Smartron,t.book,Intel,Core m3,7th,4 GB GB,DDR3,128 GB,0 GB,Windows,64-bit,0,Casual,12.2,0,Yes,No,42990,45990,6,3.5,25,6
DELL,G15,Intel,GeForce GTX,10th,8 GB GB,LPDDR4,0 GB,512 GB,DOS,32-bit,4,Casual,15.6,0,No,No,75500,83557,9,4.4,28,1
APPLE,MacBook,M1,M1,10th,8 GB GB,DDR4,256 GB,0 GB,Mac,64-bit,0,Casual,13.3,1,No,No,85990,92900,7,4.7,6725,629
APPLE,MacBook,M1,M1,10th,8 GB GB,DDR4,256 GB,0 GB,Mac,64-bit,0,Casual,13.3,1,No,No,112990,122900,8,4.8,640,70
APPLE,MacBook,M1,M1,10th,16 GB GB,DDR4,256 GB,0 GB,Mac,64-bit,0,Casual,13.3,1,No,No,104990,112900,7,4.7,45,4
APPLE,MacBook,M1,M1,10th,8 GB GB,DDR4,256 GB,0 GB,Mac,64-bit,0,Casual,13.3,1,No,No,112990,122900,8,4.8,640,70
APPLE,MacBook,M1,M1,10th,16 GB GB,DDR4,256 GB,0 GB,Mac,64-bit,0,Casual,13.3,1,No,No,132990,149900,11,4.8,640,70
APPLE,MacBook,M1,M1,10th,16 GB GB,DDR4,256 GB,0 GB,Mac,64-bit,0,Casual,13.3,1,No,No,104990,112900,7,4.7,45,4
APPLE,MacBook,M1,M1,10th,8 GB GB,DDR4,256 GB,0 GB,Mac,64-bit,0,Casual,13.3,1,No,No,85990,92900,7,4.7,6725,629
APPLE,MacBook,M1,M1,10th,16 GB GB,DDR4,512 GB,0 GB,Mac,64-bit,0,Casual,13.3,1,No,No,149990,163900,8,4.8,640,70
APPLE,MacBook,M1,M1,10th,8 GB GB,DDR4,512 GB,0 GB,Mac,64-bit,0,Casual,13.3,1,No,No,125990,142900,11,4.6,399,45
APPLE,MacBook,M1,M1,10th,8 GB GB,DDR4,512 GB,0 GB,Mac,64-bit,0,Casual,13.3,1,No,No,103990,117900,11,4.7,809,91
APPLE,MacBook,M1,M1,10th,8 GB GB,DDR4,512 GB,0 GB,Mac,64-bit,0,Casual,13.3,1,No,No,101990,117900,13,4.7,809,91
APPLE,MacBook,M1,M1,10th,8 GB GB,DDR4,512 GB,0 GB,Mac,64-bit,0,Casual,13.3,1,No,No,104990,110900,5,4.7,6725,629
APPLE,MacBook,M1,M1,10th,8 GB GB,DDR4,512 GB,0 GB,Mac,64-bit,0,Casual,13.3,1,No,No,131990,142900,7,4.6,399,45
APPLE,MacBook,M1,M1,10th,16 GB GB,DDR4,512 GB,0 GB,Mac,64-bit,0,Casual,13.3,1,No,No,128990,137900,6,4.7,45,4
APPLE,MacBook,M1,M1,10th,16 GB GB,DDR4,512 GB,0 GB,Mac,64-bit,0,Casual,14.2,1,No,No,184990,194900,5,4.8,42,8
APPLE,MacBook,M1,M1,10th,16 GB GB,DDR4,512 GB,0 GB,Mac,64-bit,0,Casual,16.2,1,No,No,225990,239900,5,4.8,42,8
APPLE,MacBook,M1,M1,10th,4 GB GB,DDR4,512 GB,0 GB,Mac,64-bit,0,Casual,16,1,No,No,124990,132900,5,4.7,45,4
APPLE,MacBook,M1,M1,10th,8 GB GB,DDR4,512 GB,0 GB,Mac,64-bit,0,Casual,13.3,1,No,No,104990,110900,5,4.7,6725,629
APPLE,MacBook,M1,M1,10th,8 GB GB,DDR4,1024 GB,0 GB,Mac,64-bit,0,Casual,13.3,1,No,No,149990,163900,8,4.8,640,70
APPLE,MacBook,M1,M1,10th,16 GB GB,DDR4,1024 GB,0 GB,Mac,64-bit,0,Casual,13.3,1,No,No,169990,183900,7,4.8,640,70
APPLE,MacBook,M1,M1,10th,16 GB GB,DDR4,1024 GB,0 GB,Mac,64-bit,0,Casual,14.2,1,No,No,225990,239900,5,4.8,42,8
APPLE,MacBook,M1,M1,10th,16 GB GB,DDR4,1024 GB,0 GB,Mac,64-bit,0,Casual,16.2,1,No,No,243990,259900,6,4.8,42,8
APPLE,MacBook,M1,M1,10th,32 GB GB,DDR4,1024 GB,0 GB,Mac,64-bit,0,Casual,16.2,1,No,No,309990,329900,6,5.0,3,1
APPLE,MacBook,M1,M1,10th,16 GB GB,DDR4,1024 GB,0 GB,Mac,64-bit,0,Casual,14.2,1,No,No,225990,239900,5,4.8,42,8
DELL,G7,Intel,GeForce RTX,10th,8 GB GB,LPDDR4,0 GB,512 GB,DOS,32-bit,8,Casual,15.6,0,No,No,179990,227250,20,4.5,17,2
Lenovo,Thinkpad,AMD,Ryzen 5,10th,8 GB GB,DDR4,512 GB,0 GB,DOS,64-bit,0,ThinNlight,14,0,No,No,57490,78400,26,4.2,18,4
